1,1971.91,1971.91,2212.34,2420.59
2,1867.67,1867.67,2050.71,2284.22
3,1792.96,1792.96,1955.49,2135.76
4,1632.91,1632.91,1854.57,2163.56
5,1544.15,1544.15,1723.24,1891.82
6,1438,1438,1610.12,1859.41
7,1398.31,1398.31,1546.62,1843.96
8,1366.9,1366.9,1543.02,1809.24
9,1332.25,1332.25,1486.89,1763.87
10,1298.49,1298.49,1503.05,1791.23
11,1219.7,1219.7,1447.82,1728.07
12,1205.89,1205.89,1408.99,1811.32
13,1171.02,1171.02,1361.19,1695.37
14,1145.89,1145.89,1350.09,1582.69
15,1145.89,1156.68,1363.18,1710.38
16,1138.3,1138.3,1341.49,1655.53
17,1138.3,1148.9,1336,1688.59
18,1138.3,1138.3,1341.49,1659.7
19,1137.05,1137.05,1301.49,1560.69
20,1124.86,1124.86,1363.99,1700.89
21,1105.33,1105.33,1302.15,1593.88
22,1065.65,1065.65,1296.67,1669.42
23,1057.31,1057.31,1232.45,1619.58
24,1053.09,1053.09,1244.93,1488.45
25,1034.19,1034.19,1231.97,1519.25
26,1022.97,1022.97,1242.91,1602.49
27,1016.07,1016.07,1218.77,1694.58
28,1016.07,1022.97,1188.09,1450.54
29,1016.07,1044.14,1239.11,1554.9
30,1016.07,1048.6,1255.4,1643.62
31,1016.07,1027.43,1231.66,1606.23
32,1016.07,1028.3,1251.05,1561.46
33,1016.07,1032.33,1262.78,1579.7
34,1016.07,1028.3,1223.61,1534.46
35,1014.72,1014.72,1218.81,1466.54
36,1014.72,1018.46,1222.3,1578.4
37,999.076,999.076,1208.37,1582.44
38,999.076,1010.29,1183.8,1506.83
39,999.076,1001.9,1207.86,1569.11
40,990.683,990.683,1201.61,1477.95
41,990.683,994.713,1166.48,1389.18
42,990.683,990.972,1166.34,1541.67
43,990.683,994.713,1195.97,1557.94
44,990.683,1008.73,1183.59,1509.69
45,990.683,1016.89,1184.08,1439.63
46,990.683,1015.38,1247.73,1544.15
47,990.683,1012.5,1230.75,1513.05
48,990.683,1014.44,1212.92,1559.46
49,990.683,1029.73,1237.07,1560.12
50,990.683,1032.61,1282.18,1575.76
51,990.683,1017.32,1243.5,1511.36
52,990.683,1018.51,1263.86,1554.95
53,990.683,1018.94,1242.5,1511.77
54,990.683,1016.29,1274.73,1542.66
55,990.683,1010.54,1220.74,1518.89
56,990.683,1011.38,1220.61,1573.6
57,990.683,1008.31,1235.85,1542.22
58,990.683,1014.08,1227.14,1540.09
59,990.683,1013.24,1241.05,1655.55
60,990.683,1001.51,1238.36,1654.72
61,990.683,998.628,1255.4,1661.01
62,990.683,1006.17,1216.37,1604.04
63,990.683,1028.08,1268.66,1643.31
64,990.683,1006.17,1212.87,1571.04
65,990.683,1020.19,1227.9,1544.05
66,990.683,1006.17,1239.71,1527.7
67,990.683,1005.75,1201.75,1516.65
68,990.683,1010.17,1203.3,1537.43
69,990.683,1013.05,1198.75,1553.87
70,990.683,1003.25,1195.25,1463.1
71,990.683,1044.48,1232.22,1555.8
72,990.683,1019.65,1264.68,1587.26
73,990.683,1015.22,1221.55,1566.22
74,990.683,1018.73,1217.78,1545.27
75,990.683,1021.97,1224.93,1519.14
76,990.683,1013.59,1194.85,1539.94
77,990.683,1021.52,1193.92,1411.5
78,990.683,993.401,1233.49,1557.55
79,987.251,987.251,1214.5,1466.56
80,975.404,975.404,1179.64,1454.69
81,975.404,983.295,1188.82,1443.45
82,975.404,975.404,1213.36,1503.03
83,969.843,969.843,1180.1,1443.45
84,969.843,971.352,1176.11,1455.99
85,969.843,980.036,1174.75,1451.19
86,969.843,971.352,1186.72,1499.45
87,969.843,976.12,1162.67,1509.13
88,946.188,946.188,1163.68,1426.87
89,946.188,960.206,1144.67,1408.5
90,946.188,955.002,1149.83,1372.35
91,944.79,944.79,1145.24,1389.44
92,943.281,943.281,1120.17,1394.43
93,939.918,939.918,1155.53,1419.5
94,939.918,942.708,1137.87,1415.22
95,939.918,941.185,1123.17,1382.04
96,939.155,939.155,1150.7,1417.14
97,939.155,951.609,1171.56,1395.22
98,939.155,946.113,1161.41,1414.57
99,933.66,933.66,1132.38,1348.1
100,933.66,939.155,1137.61,1384.34
101,933.66,939.581,1132.14,1395.93
102,933.66,944.351,1180.28,1405.11
103,933.66,953.555,1156.96,1383.66
104,933.66,955.077,1160.98,1401.25
105,933.66,949.831,1164.3,1448.69
106,933.66,952.221,1170.91,1487.63
107,933.66,961.322,1159.37,1380.16
108,933.66,965.632,1177.91,1402.79
109,933.66,956.531,1168.05,1374.23
110,933.66,953.741,1145.41,1333.99
111,933.66,959.733,1186.16,1373.54
112,933.66,958.622,1181.27,1417.72
113,933.66,961.247,1180.24,1459.71
114,933.66,983.191,1208.98,1392.44
115,933.66,985.61,1189.53,1370.6
116,933.66,979.558,1186.39,1489.25
117,933.66,957.614,1173.06,1449.87
118,933.66,957.78,1144.87,1414.3
119,933.66,955.155,1153.23,1414.47
120,933.66,950.458,1180.11,1435.37
121,933.66,947.298,1180.45,1431.61
122,933.66,956.323,1149.09,1425.82
123,933.66,958.948,1188.15,1455.07
124,933.66,956.758,1159.8,1440.6
125,933.66,956.264,1136.49,1329.28
126,933.66,954.896,1169.64,1382.49
127,933.66,952.477,1184.4,1418.17
128,933.66,970.907,1148.97,1362.99
129,933.66,964.915,1197.46,1407.22
130,933.66,957.174,1178.1,1405.25
131,933.66,952.477,1138,1422.57
132,933.66,950.489,1166.17,1338.35
133,933.66,941.464,1187.71,1408.19
134,933.66,941.63,1137.15,1398.05
135,933.66,947.138,1161.41,1399.14
136,933.66,955.316,1176.14,1386.51
137,933.66,957,1182.46,1396.55
138,933.66,961.756,1159.38,1465.33
139,933.66,951.179,1174.67,1382.62
140,933.66,943.001,1174.12,1420.52
141,933.66,950.014,1147.14,1431.57
142,933.66,947.244,1137.71,1362.42
143,933.66,947.831,1163.42,1370.1
144,933.66,945.455,1110.09,1405.87
145,933.66,941.797,1137.27,1437.54
146,933.66,957.168,1144.64,1425.31
147,933.66,958.458,1141.88,1376.84
148,933.66,943.214,1145.03,1407.49
149,933.66,942.627,1140.88,1367.44
150,933.66,937.118,1149.07,1345.71
151,933.66,936.953,1137.35,1346.26
152,933.66,937.094,1123.08,1385.33
153,933.66,935.805,1126.7,1303.04
154,933.66,935.536,1104.41,1342.55
155,927.438,927.438,1132.85,1392.63
156,927.438,928.307,1153.56,1412.45
157,919.702,919.702,1164.93,1435.71
158,919.702,919.747,1105.71,1389.31
159,919.702,919.762,1133.08,1518.72
160,919.702,919.718,1148.67,1349.03
161,919.702,919.702,1110.22,1308.56
162,919.702,922.473,1130.85,1348.23
163,919.702,941.374,1133.45,1366.08
164,919.702,956.243,1133.98,1342.27
165,919.702,959.605,1153.57,1408.96
166,919.702,940.704,1161.72,1505.54
167,919.702,922.909,1139.3,1349.79
168,919.702,920.138,1119.18,1389.78
169,919.702,921.389,1100.33,1387.01
170,919.702,923.064,1113.14,1314.59
171,919.702,932.924,1114.02,1339.74
172,919.702,939.708,1141.09,1523.05
173,919.702,936.346,1133.36,1392.22
174,919.702,929.562,1136.11,1374.69
175,919.702,932.752,1135.53,1449.01
176,919.702,935.305,1142.22,1452.62
177,919.702,931.981,1106.75,1338.16
178,919.702,934.771,1127.9,1451.43
179,919.702,932.352,1134.21,1435.74
180,919.702,944.21,1148.59,1473.36
181,919.702,937.948,1134.57,1395
182,919.702,923.931,1153.23,1478.85
183,919.702,923.597,1143.3,1383.27
184,919.702,926.932,1111.72,1484.16
185,919.702,924.142,1106.28,1507.14
186,919.702,926.932,1147.6,1547.18
187,919.702,925.129,1104.77,1334.17
188,910.311,910.311,1136.42,1388.83
189,910.311,911.6,1127.29,1370.35
190,910.311,911.179,1105.21,1375.96
191,906.556,906.556,1108.41,1364.98
192,906.556,908.776,1144.46,1378.64
193,906.556,930.391,1133,1433.14
194,906.556,942.117,1140.8,1378.51
195,906.556,938.927,1140.91,1338.73
196,906.556,931.132,1145.95,1462.87
197,906.556,929.234,1125.83,1334.64
198,906.556,930.388,1132.71,1476.15
199,906.556,922.752,1111.42,1405.35
200,906.556,928.773,1139.07,1506.6
201,906.556,943.427,1132.62,1476.43
202,906.556,946.761,1141.42,1386.16
203,906.556,946.525,1145.93,1409.18
204,906.556,949.315,1118.23,1479.82
205,906.556,949.526,1148.41,1421.43
206,906.556,976.792,1152.23,1440.89
207,906.556,973.458,1179.93,1464.49
208,906.556,987.653,1191.06,1461.15
209,906.556,940.841,1165.06,1451.55
210,906.556,942.982,1144.41,1329.95
211,906.556,934.825,1139.72,1462.22
212,906.556,928.564,1111.87,1384.7
213,906.556,931.898,1117.42,1321.9
214,906.556,929.109,1122.62,1451.14
215,906.556,947.1,1117.52,1345.84
216,906.556,950.462,1125.13,1418.31
217,906.556,954.073,1175.12,1561.6
218,906.556,936.082,1113.11,1327.69
219,906.556,933.986,1157.63,1421.78
220,906.556,938.384,1110.79,1348.93
221,906.556,934.773,1097.14,1401.61
222,906.556,930.376,1103.08,1325.77
223,906.556,937.423,1117.54,1467.93
224,906.556,935.384,1135.77,1339.2
225,906.556,937.136,1124.59,1387.22
226,906.556,939.583,1133.6,1396.38
227,906.556,933.628,1124.74,1434.97
228,906.556,952.059,1145.69,1385.11
229,906.556,948.519,1150.19,1394.75
230,906.556,955.567,1148.62,1398.16
231,906.556,947.389,1186.02,1399.67
232,906.556,943.397,1156.53,1406.63
233,906.556,945.844,1140.92,1362.83
234,906.556,943.397,1128.88,1434.98
235,906.556,941.582,1125.02,1433.99
236,906.556,935.32,1118.95,1364.83
237,906.556,941.474,1135.78,1333.36
238,906.556,935.32,1134.12,1457.2
239,906.556,969.595,1122.61,1332.28
240,906.556,961.028,1182.59,1382.96
241,906.556,977.551,1168.78,1386.75
242,906.556,961.853,1186.75,1440.3
243,906.556,958.057,1138.26,1322.19
244,906.556,958.268,1157.41,1387.61
245,906.556,941.746,1163.95,1469.9
246,906.556,949.104,1150.87,1378.92
247,906.556,941.746,1157.52,1444.65
248,906.556,943.804,1148.32,1372.12
249,906.556,945.9,1147.04,1467.67
250,906.556,954.209,1160.12,1535.12
251,906.556,945.9,1149.82,1464.61
252,906.556,935.995,1136.93,1469.84
253,906.556,944.229,1139.69,1412.36
254,906.556,945.751,1113.92,1372.4
255,906.556,937.517,1146.62,1456.05
256,906.556,944.565,1130.4,1387.4
257,906.556,936.256,1128.02,1341.73
258,906.556,936.044,1126.96,1484.17
259,906.556,951.015,1176.67,1427.89
260,906.556,938.505,1159.51,1517.59
261,906.556,945.536,1130.42,1448.01
262,906.556,945.403,1131.9,1458.29
263,906.556,940.924,1136.4,1401.78
264,906.556,954.655,1150.48,1522.87
265,906.556,963.66,1135.77,1354.34
266,906.556,954.655,1201.39,1419.54
267,906.556,967.086,1159.51,1389.13
268,906.556,966.759,1187.18,1422.97
269,906.556,968.601,1169.75,1409.96
270,906.556,975.553,1171.08,1440.25
271,906.556,968.601,1155.41,1421.63
272,906.556,970.321,1164.34,1450.5
273,906.556,957.998,1187.68,1442.07
274,906.556,955.446,1136.07,1420.11
275,906.556,956.374,1167.44,1470.46
276,906.556,953.409,1165.39,1428.66
277,906.556,939.678,1174.48,1469.98
278,906.556,940.356,1170.95,1443.54
279,906.556,938.684,1131.52,1403.62
280,906.556,940.207,1149.19,1436.91
281,906.556,950.465,1149.76,1414
282,906.556,940.207,1137.24,1416.5
283,906.556,970.941,1162.25,1457.51
284,906.556,971.264,1141.42,1417.52
285,906.556,981.907,1185.13,1430.45
286,906.556,979.184,1199.21,1396.5
287,906.556,975.24,1161.81,1437.06
288,906.556,958.336,1168.95,1413.73
289,906.556,959.264,1158.24,1423.98
290,906.556,955.606,1184.71,1408.3
291,906.556,955.278,1156.82,1416.56
292,906.556,963.87,1183.74,1431.29
293,906.556,955.278,1163.7,1425.22
294,906.556,986.633,1189.3,1491.33
295,906.556,979.586,1228.19,1463.53
296,906.556,981.655,1196.91,1483.67
297,906.556,986.693,1189.48,1485.73
298,906.556,973.157,1174.3,1467.09
299,906.556,974.279,1170.44,1445.51
300,906.556,958.688,1170.08,1376.49
301,906.556,955.681,1153.72,1368.84
302,906.556,952.528,1165.66,1387.21
303,906.556,959.576,1145.55,1401.57
304,906.556,976.996,1182.53,1444.45
305,906.556,951.469,1161.13,1386.43
306,906.556,951.576,1139.26,1384.54
307,906.556,973.046,1152.15,1352.71
308,906.556,967.755,1152.34,1402.53
309,906.556,945.017,1155.59,1417.69
310,906.556,948.38,1165.32,1400.56
311,906.556,949.421,1155.6,1381.45
312,906.556,947.326,1172.54,1439.95
313,906.556,939.915,1138.95,1407.31
314,906.556,950.28,1153.28,1430.36
315,906.556,953.054,1173.4,1409.09
316,906.556,975.782,1192.47,1411.08
317,906.556,974.703,1160.35,1411.82
318,906.556,975.408,1150.11,1441.31
319,906.556,974.703,1165.27,1442.01
320,906.556,986.622,1183.39,1415.29
321,906.556,986.722,1179.03,1425.53
322,906.556,980.617,1167.44,1377
323,906.556,983.787,1157.25,1376.36
324,906.556,956.637,1179.57,1395.69
325,906.556,952.278,1152.21,1372.67
326,906.556,949.489,1170.86,1435.05
327,906.556,939.353,1172.36,1429.78
328,906.556,964.481,1156.61,1459.72
329,906.556,959.784,1133.91,1366.87
330,906.556,962.573,1166.78,1395.3
331,906.556,969.984,1185.87,1510.42
332,906.556,957.731,1163.07,1508.07
333,906.556,957.872,1147.6,1438.14
334,906.556,957.387,1159.53,1489.32
335,906.556,949.209,1163.52,1513.68
336,906.556,943.09,1117.69,1397.88
337,906.556,943.097,1172.42,1481.21
338,906.556,954.987,1178.06,1405.99
339,906.556,958.783,1174.97,1487.92
340,906.556,966.439,1208.12,1449.58
341,906.556,959.381,1186.58,1430.26
342,906.556,972.255,1180.19,1469.74
343,906.556,968.876,1186.57,1476.54
344,906.556,956.001,1165.15,1418.43
345,906.556,981.867,1163.43,1454.73
346,906.556,992.154,1174.08,1348.39
347,906.556,957.465,1192.05,1448.77
348,906.556,959.205,1166.03,1465.22
349,906.556,964.283,1159.74,1402.98
350,906.556,956.626,1166.5,1444.77
351,906.556,959.4,1139.14,1414
352,906.556,968.831,1182.54,1414.79
353,906.556,969.394,1122.35,1392.3
354,906.556,965.599,1169.1,1420.49
355,906.556,963.109,1171.18,1488.68
356,906.556,961.243,1162.89,1452.4
357,906.556,958.469,1164.55,1459.64
358,906.556,952.477,1145.89,1460.03
359,906.556,961.385,1185.83,1464.82
360,906.556,963.454,1153.41,1430.09
361,906.556,952.737,1147.09,1436.75
362,906.556,990.727,1184.34,1408.19
363,906.556,977.553,1227.48,1471.89
364,906.556,976.483,1182.51,1484.2
365,906.556,967.576,1150.9,1440.39
366,906.556,968.646,1154.43,1371.08
367,906.556,974.907,1143.72,1457.42
368,906.556,962.694,1169.45,1429.69
369,906.556,966.396,1162.54,1411.15
370,906.556,970.756,1138.34,1457.12
371,906.556,973.545,1172.69,1448.01
372,906.556,970.756,1145.79,1411.71
373,906.556,942.614,1179.9,1522.48
374,906.556,941.092,1150.63,1416.59
375,906.556,942.614,1115.04,1353.64
376,906.556,940.643,1157.24,1408.48
377,906.556,942.166,1141.1,1382.51
378,906.556,936.874,1137.06,1423.63
379,906.556,930.613,1142.2,1483.75
380,906.556,930.471,1144.66,1373.71
381,906.556,931.927,1138.38,1485.91
382,906.556,936.614,1140.74,1425.27
383,906.556,931.927,1127.42,1337.46
384,906.556,938.794,1148.15,1467.49
385,906.556,940.455,1127.29,1350.58
386,906.556,950.833,1132.41,1319.52
387,906.556,940.455,1139.83,1336.7
388,906.556,944.339,1182.07,1414.68
389,906.556,933.961,1114.47,1317.77
390,906.556,930.259,1147.87,1499.68
391,906.556,923.931,1132.71,1343.92
392,906.556,948.107,1148.06,1309.99
393,906.556,946.652,1180.57,1480.27
394,906.556,948.747,1157.59,1420.72
395,906.556,942.727,1111.96,1412.46
396,906.556,929.041,1129.16,1352.56
397,906.556,931.065,1128.39,1394.38
398,906.556,944.031,1143.15,1470.52
399,906.556,962.371,1140.22,1462.88
400,906.556,975.821,1169.5,1368.89
401,906.556,962.854,1161.13,1356.24
402,906.556,966.65,1153.01,1331.25
403,906.556,973.582,1153.44,1400.12
404,906.556,977.143,1177.46,1360.51
405,906.556,972.63,1155.49,1342.15
406,906.556,975.038,1169.84,1336.23
407,906.556,968.911,1157.34,1375.27
408,906.556,948.514,1147.92,1390.38
409,906.556,954.961,1134.65,1355.57
410,906.556,951.401,1157.74,1432.6
411,906.556,947.605,1162.09,1429.04
412,906.556,957.983,1151.32,1362.89
413,906.556,955.493,1122.13,1363.53
414,906.556,953.407,1144.55,1373.85
415,906.556,972.689,1162.33,1369.97
416,906.556,962.553,1167.08,1378.65
417,906.556,976.284,1164.02,1374.78
418,906.556,969.837,1161.05,1381.24
419,906.556,973.633,1169.81,1327.47
420,906.556,975.34,1153.5,1403.04
421,906.556,982.207,1146.14,1409.17
422,906.556,1002.13,1170.68,1378.77
423,906.556,982.207,1162.14,1436.41
424,906.556,1012.58,1159.37,1364.12
425,906.556,1017.15,1194.8,1384.44
426,906.556,1013.79,1180.24,1368.66
427,906.556,994.247,1187.15,1504.41
428,906.556,988.955,1161.62,1404.51
429,906.556,987.127,1189.97,1423.17
430,906.556,978.949,1199.18,1515.42
431,906.556,957.87,1152.21,1400.99
432,906.556,950.005,1152.9,1404.73
433,906.556,941.194,1153.87,1372.14
434,906.556,949.059,1184.12,1397.89
435,906.556,933.768,1151.19,1377.21
436,906.556,936.558,1154.14,1381.02
437,906.556,935.14,1106.37,1515.99
438,906.556,935.131,1144.43,1384.79
439,906.556,958.506,1138.26,1409.53
440,906.556,954.804,1157.67,1461.49
441,906.556,949.961,1174.66,1494.74
442,906.556,943.7,1175.49,1464.46
443,906.556,945.997,1168.78,1458.19
444,906.556,944.474,1157.49,1489.08
445,906.556,940.903,1141.21,1416.01
446,906.556,937.433,1174.47,1433.68
447,906.556,939.18,1173.18,1474.31
448,906.556,941.95,1181.74,1406.93
449,906.556,940.107,1178.42,1479.52
450,906.556,937.336,1138.2,1487.32
451,906.556,935.04,1180.45,1516.38
452,906.556,925.438,1126.26,1476.32
453,906.556,909.468,1150.33,1463.92
454,906.556,911.14,1104.03,1407.06
455,906.556,909.468,1148.94,1448.51
456,906.556,918.332,1131.93,1447.12
457,906.556,919.855,1136.66,1560.37
458,906.556,917.065,1162.21,1512.22
459,906.556,913.363,1180.57,1498.4
460,906.556,934.53,1155.53,1419.86
461,906.556,940.353,1168.5,1457.3
462,906.556,933.239,1152.88,1491.49
463,906.556,919.6,1169.7,1484.04
464,906.556,926.545,1164.04,1437.85
465,906.556,929.139,1135.42,1458.25
466,906.556,922.878,1144.23,1391.6
467,906.556,922.863,1149.7,1385.34
468,906.556,925.265,1114.58,1459.01
469,906.556,922.671,1136.9,1368.28
470,906.556,920.269,1126.05,1455.38
471,906.556,946.205,1144.22,1394.09
472,906.556,913.305,1151.5,1382.58
473,906.556,916.007,1133.53,1390.3
474,906.556,916.218,1133.6,1530.43
475,906.556,912.463,1125.95,1418.66
476,906.556,916.218,1118.77,1344.29
477,906.556,912.084,1153.98,1489.4
478,906.556,910.747,1115.74,1438.4
479,906.556,921.005,1154.43,1523.53
480,906.556,922.342,1188.32,1506.72
481,906.556,941.243,1149.26,1448.66
482,906.556,930.985,1169.61,1457.51
483,906.556,933.579,1147.93,1448.1
484,906.556,953.023,1162.47,1625.9
485,906.556,950.505,1186.36,1472.93
486,906.556,943.32,1168.59,1612.93
487,906.556,940.726,1153.22,1518.81
488,906.556,956.923,1184.3,1494.02
489,906.556,995.529,1200.31,1510.22
490,906.556,1009.53,1228.25,1439.01
491,906.556,1008.89,1209.28,1482.94
492,906.556,996.612,1205.17,1609.57
493,906.556,975.5,1219.1,1576
494,906.556,975.515,1186.07,1532.65
495,906.556,956.614,1192.61,1555.31
496,906.556,956.414,1163.58,1441.33
497,906.556,958.933,1166.44,1536.2
498,906.556,958.091,1198.61,1537.15
499,906.556,926.607,1183.06,1581.46
500,906.556,919.911,1142.61,1487.9
501,906.556,917.392,1152.63,1483.18
502,906.556,914.202,1131.56,1443.42
503,906.556,920.157,1127.78,1394.69
504,906.556,927.715,1118.1,1391.36
505,906.556,921.76,1133.39,1373.36
506,906.556,927.612,1141.17,1412.23
507,906.556,929.613,1175.28,1394.86
508,906.556,932.947,1136.68,1423.79
509,906.556,933.929,1152.18,1419.41
510,906.556,932.26,1198.71,1429.64
511,906.556,935.552,1156.57,1400.04
512,906.556,930.28,1135.14,1364.77
513,906.556,948.441,1168.37,1428.03
514,906.556,943.87,1184.55,1482.34
515,906.556,937.201,1136.41,1415.6
516,906.556,934.011,1148.96,1466.33
517,906.556,945.942,1174.11,1446.64
518,906.556,946.865,1164.06,1417.67
519,906.556,927.35,1178.39,1454.41
520,906.556,941.708,1144.93,1435.14
521,906.556,956.163,1185.4,1473.2
522,906.556,941.805,1169.56,1486.83
523,906.556,937.445,1181.33,1441.92
524,906.556,922.99,1136.1,1411.37
525,906.556,911.059,1171.8,1435.77
526,906.556,912.568,1115.03,1459.71
527,906.556,911.645,1115.88,1448.21
528,906.556,923.577,1139.64,1460.47
529,906.556,917.086,1114.04,1427.87
530,906.556,923.567,1116.83,1434.81
531,906.556,916.07,1136.39,1402.23
532,906.556,914.312,1153.42,1451.72
533,906.556,910.368,1128.49,1396.17
534,906.556,912.473,1106.85,1393.12
535,906.556,918.964,1115.83,1395.23
536,906.556,927.005,1088.3,1447.63
537,906.556,940.877,1131.83,1447.93
538,906.556,934.387,1138.08,1472.55
539,906.556,924.294,1147.48,1373.57
540,906.556,930.785,1136.72,1380.28
541,906.556,932.375,1125.01,1369.97
542,906.556,930.785,1142.6,1406.89
543,906.556,932.375,1097.26,1385.98
544,906.556,934.669,1122.72,1348.29
545,906.556,928.274,1125.32,1440.92
546,906.556,930.118,1138.73,1430.61
547,906.556,939.757,1145.29,1425.24
548,906.556,925.731,1125.39,1406.7
549,906.556,937.985,1122.22,1411.21
550,906.556,946.162,1144.49,1414.77
551,906.556,951.521,1150.47,1453.79
552,906.556,933.09,1154.04,1358.74
553,906.556,927.732,1149.29,1428.57
554,906.556,930.727,1148.49,1358.43
555,906.556,941.639,1096.35,1407.6
556,906.556,942.432,1143.19,1434.22
557,906.556,936.171,1142.94,1413.38
558,906.556,954.868,1125.6,1392.79
559,906.556,959.202,1127.55,1399.48
560,906.556,946.317,1185.16,1417.33
561,906.556,948.356,1159.46,1414.91
562,906.556,955.977,1172.62,1408.93
563,906.556,945.437,1189.75,1450.37
564,906.556,929.99,1170.35,1427.32
565,906.556,927.791,1159.86,1433.28
566,906.556,919.614,1140.38,1408.71
567,906.556,916.28,1144.08,1522.43
568,906.556,916.744,1156.56,1484.02
569,906.556,918.427,1131.01,1441.93
570,906.556,918.238,1154.45,1448.66
571,906.556,916.28,1154.41,1487.8
572,906.556,918.495,1164.07,1528.19
573,906.556,926.861,1133.91,1470.03
574,906.556,921.353,1146.66,1508.82
575,906.556,913.795,1138.48,1391.68
576,906.556,917.522,1140.23,1363.48
577,906.556,918.066,1135.93,1449.01
578,906.556,915.472,1137.97,1382.25
579,906.556,918.25,1165.67,1472.58
580,906.556,923.758,1143.85,1467.59
581,906.556,920.981,1165.31,1470.05
582,906.556,939.882,1136.62,1405.07
583,906.556,937.914,1146.87,1405.58
584,906.556,947.466,1160.07,1469.85
585,906.556,953.728,1162.41,1491.58
586,906.556,961.285,1188.53,1489.28
587,906.556,964.063,1185.62,1486.35
588,906.556,947.919,1195.43,1461.03
589,906.556,933.48,1149.57,1390.21
590,906.556,930.703,1146.52,1455.35
591,906.556,937.354,1165.92,1412.02
592,906.556,929.796,1123.5,1405.89
593,906.556,929.251,1132.11,1417.83
594,906.556,929.796,1145.71,1432.84
595,906.556,940.257,1141.42,1426.06
596,906.556,944.621,1120.99,1313.34
597,906.556,940.257,1108.8,1403.02
598,906.556,945.996,1122.22,1455.59
599,906.556,942.662,1184.63,1447.69
600,906.556,945.286,1123,1363.87
601,906.556,948.663,1140.23,1401.33
602,906.556,945.286,1144.43,1477.46
603,906.556,948.663,1143.19,1476.8
604,906.556,951.724,1190.2,1401.78
605,906.556,945.073,1147.07,1402.59
606,906.556,956.971,1180.94,1458.31
607,906.556,952.607,1130.82,1357.89
608,906.556,937.875,1133.93,1391.42
609,906.556,934.498,1115.72,1332.53
610,906.556,935.043,1155.04,1457.14
611,906.556,921.737,1156.76,1353.52
612,902.835,902.835,1135.82,1391.46
613,902.835,904.345,1114.88,1395.26
614,902.835,908.559,1118.02,1363.26
615,902.835,920.49,1141.99,1422.19
616,902.835,912.448,1137.62,1465.51
617,902.835,920.626,1150.92,1466.82
618,902.835,921.379,1169.52,1427
619,902.835,902.948,1164.85,1480.38
620,892.69,892.69,1151.81,1390.62
621,892.69,902.518,1116.97,1406.05
622,892.69,892.69,1152.69,1384.1
623,892.69,909.862,1134.38,1360.21
624,892.69,909.103,1134.04,1422.08
625,892.69,914.462,1126.39,1417.32
626,892.69,909.899,1150.38,1393.89
627,892.69,907.94,1120.39,1430.11
628,892.69,918.198,1158.57,1398.94
629,892.69,923.462,1163.28,1407.04
630,892.69,936.417,1146.2,1412.38
631,892.69,931.154,1127.11,1375.43
632,892.69,930.195,1144.26,1342.9
633,892.69,922.894,1160.32,1531.2
634,892.69,911.656,1133.64,1367.42
635,892.69,910.897,1120.59,1426.62
636,892.69,916.161,1120.31,1358.69
637,892.69,928.414,1106.29,1383.97
638,892.69,923.15,1165.43,1424.18
639,892.69,922.397,1127.71,1443.46
640,892.69,937.129,1164.5,1453.95
641,892.69,937.882,1175.09,1432.9
642,892.69,931.568,1145.54,1385.34
643,892.69,941.06,1142.28,1451.88
644,892.69,944.621,1162.92,1435.39
645,892.69,943.67,1175.22,1416.27
646,892.69,945.629,1166.13,1499.24
647,892.69,940.902,1126.64,1417.89
648,892.69,955.252,1159.5,1455.93
649,892.69,940.52,1207.82,1431.43
650,892.69,938.365,1157.93,1470.08
651,892.69,934.805,1141.61,1418.63
652,892.69,918.795,1115.46,1348.17
653,892.69,919.554,1149.3,1462.78
654,892.69,926.855,1126.03,1368.52
655,892.69,910.658,1137.65,1398.63
656,892.69,903.356,1108.93,1440.6
657,892.69,902.518,1126.43,1376.88
658,892.69,903.063,1114.42,1414.91
659,892.69,919.455,1136.24,1476.4
660,892.69,919.702,1103.25,1364.29
661,892.69,913.784,1132.19,1486.21
662,892.69,920.046,1122.14,1410.24
663,892.69,931.284,1140.68,1432.44
664,892.69,927.949,1120.73,1439.88
665,892.69,910.596,1134.4,1445.35
666,892.69,898.407,1117.31,1427.66
667,892.145,892.145,1149.77,1462.74
668,890.69,890.69,1102.41,1346.21
669,890.69,907.55,1120.81,1441.02
670,890.69,930.014,1146.17,1424.95
671,890.69,940.704,1120.68,1357.94
672,890.69,927.829,1150.96,1396.34
673,890.69,940.167,1154.12,1438.25
674,890.69,927.829,1131.34,1452.56
675,890.69,921.618,1126.84,1473.62
676,890.69,924.128,1139.76,1347.8
677,890.69,930.389,1141.17,1432.03
678,890.69,924.128,1110.22,1403.24
679,890.69,930.332,1148.94,1439.82
680,890.69,929.726,1136.82,1397.22
681,890.69,924.218,1137.78,1447.13
682,890.69,922.259,1103.89,1409.92
683,890.69,924.463,1122.31,1394.1
684,890.69,929.16,1168.23,1500.66
685,890.69,917.562,1157.7,1423.49
686,890.69,921.317,1144.47,1437.87
687,890.69,921.502,1153.41,1434.75
688,890.69,929.709,1111,1365.63
689,890.69,925.952,1148.41,1384.04
690,890.69,928.285,1154.56,1441.44
691,890.69,920.078,1200.25,1456.07
692,890.69,932.818,1154.74,1434.78
693,890.69,930.485,1136.81,1397.48
694,890.69,940.065,1145.57,1482.96
695,890.69,943.193,1137.84,1432.66
696,890.69,940.065,1145.09,1434.66
697,890.69,924.574,1150.95,1420.3
698,890.69,923.337,1128.8,1402.68
699,890.69,932.817,1141.32,1430.04
700,890.69,939.118,1103.87,1407.35
701,890.69,937.144,1134.08,1459
702,890.69,936.723,1140.16,1414.99
703,890.69,916.452,1142.86,1424.15
704,890.69,918.426,1125.82,1369.22
705,890.69,923.115,1108.19,1437.34
706,890.69,918.426,1126,1416.51
707,890.69,923.115,1145.29,1346.41
708,890.69,928.545,1142.64,1463.18
709,890.69,923.856,1129.48,1399.57
710,890.69,926.373,1131.55,1366.58
711,890.69,926.794,1159.1,1430.59
712,890.69,924.232,1145.22,1394.28
713,890.69,924.098,1118.9,1399.96
714,890.69,920.947,1089.16,1337.32
715,890.69,921.368,1097.92,1401.18
716,890.69,920.947,1103.94,1388.08
717,890.69,918.25,1144.25,1428.35
718,890.69,914.523,1118.74,1370.21
719,890.69,912.264,1154.55,1424.95
720,890.69,915.99,1112.55,1429.67
721,890.69,916.913,1100.92,1419.71
722,890.69,906.655,1119.98,1430.27
723,890.69,909.432,1151.08,1374.92
724,890.69,909.567,1137.76,1405.31
725,890.69,906.789,1113.53,1420.83
726,890.69,906.501,1099.67,1385.18
727,890.69,938.478,1131.82,1384.9
728,890.69,941.255,1176.4,1444.06
729,890.69,961.875,1158.33,1394.07
730,890.69,981.716,1176.74,1535.66
731,890.69,981.129,1207.96,1410.44
732,890.69,996.947,1199.68,1440.45
733,890.69,1015.38,1199.36,1425.67
734,890.69,995.537,1189.94,1449.85
735,890.69,983.98,1201.11,1487.38
736,890.69,997.388,1216.12,1481.47
737,890.69,983.98,1204.25,1610.41
738,890.69,971.727,1189.7,1430.35
739,890.69,971.444,1197.07,1493.61
740,890.69,970.07,1203.51,1467.19
741,890.69,970.958,1194.25,1461.91
742,890.69,956.819,1216.02,1571.11
743,890.69,955.931,1183.52,1549.19
744,890.69,956.819,1185.91,1447.77
745,890.69,965.826,1168.12,1392.11
746,890.69,967.201,1193.25,1536.34
747,890.69,959.899,1161.59,1442.95
748,890.69,955.713,1156.06,1451.74
749,890.69,959.899,1176.65,1475.42
750,890.69,968.733,1158.91,1539.53
751,890.69,955.996,1154.54,1458.18
752,890.69,953.402,1150.69,1433.41
753,890.69,976.14,1166.36,1384.84
754,890.69,987.873,1191.67,1516.93
755,890.69,987.637,1221.18,1499.5
756,890.69,984.699,1215.02,1490.76
757,890.69,951.043,1200.31,1460.08
758,890.69,955.222,1206.13,1449.41
759,890.69,947.376,1207.08,1431.26
760,890.69,945.977,1162.18,1410.56
761,890.69,940.813,1185.16,1423.28
762,890.69,928.862,1154.39,1413.85
763,890.69,935.814,1145.52,1426.9
764,890.69,927.657,1122.96,1378.95
765,890.69,924.563,1133.46,1409.2
766,890.69,924.429,1137.09,1408.83
767,890.69,937.177,1149.07,1399.77
768,890.69,935.118,1143.19,1443.31
769,890.69,936.656,1148.83,1448.17
770,890.69,928.147,1140.81,1378.16
771,890.69,920.105,1171.14,1417.28
772,890.69,912.008,1142.52,1412.36
773,890.69,919.566,1102.75,1395.42
774,890.69,911.515,1144,1414.87
775,890.69,908.921,1133.19,1484.73
776,890.69,911.018,1114.76,1389.79
777,890.69,904.757,1146.65,1357.9
778,890.69,908.317,1125.1,1511.02
779,890.69,908.695,1142.11,1391.3
780,890.69,905.135,1146.73,1511.2
781,890.69,901.8,1137.08,1386.26
782,890.69,899.842,1180.69,1441.97
783,890.69,906.103,1145.09,1474.51
784,890.69,904.648,1134.96,1396.14
785,890.69,906.103,1134.48,1413.02
786,890.69,900.345,1158.84,1517.83
787,890.69,903.906,1141.81,1427.53
788,890.69,904.094,1133.97,1490.38
789,890.69,920.994,1150.51,1452.81
790,890.69,921.823,1182.17,1443.75
791,890.69,927.573,1134.08,1487.99
792,890.69,931.599,1127.97,1371.53
793,890.69,957.871,1152.07,1437.16
794,890.69,957.043,1182.57,1519.61
795,890.69,949.485,1156.18,1393.02
796,890.69,956.065,1151.2,1433.1
797,890.69,929.792,1187.06,1455.47
798,890.69,928.704,1156.7,1421.96
799,890.69,923.79,1166.43,1540.26
800,890.69,931.094,1139.06,1518.25
801,890.69,943.291,1160.89,1366.33
802,890.69,931.094,1168.38,1480.76
803,890.69,937.443,1169.33,1439.97
804,890.69,925.245,1124.75,1383.01
805,890.69,931.751,1125.98,1388.84
806,890.69,925.781,1135.29,1385.08
807,890.69,930.695,1148.92,1449.11
808,890.69,945.474,1143.57,1421.29
809,890.69,941.449,1161.64,1576.54
810,890.69,943.84,1166.26,1452.91
811,890.69,952.38,1164.95,1482.41
812,890.69,955.57,1166.42,1510.27
813,890.69,962.221,1208.58,1447.66
814,890.69,958.474,1218.73,1478.37
815,890.69,964.444,1184.37,1476.24
816,890.69,953.846,1173.19,1479.34
817,890.69,965.227,1210.97,1651.22
818,890.69,966.737,1168.64,1561.79
819,890.69,961.763,1191.93,1559.51
820,890.69,946.081,1148.83,1563.77
821,890.69,937.829,1161.9,1479.77
822,890.69,951.5,1165.81,1460.98
823,890.69,944.709,1199.81,1580.98
824,890.69,955.089,1162.13,1445.69
825,890.69,950.296,1135.31,1465.51
826,890.69,946.033,1122.87,1406.32
827,890.69,935.653,1138.76,1394.9
828,890.69,929.148,1168.34,1575.63
829,890.69,947.139,1152.92,1594.22
830,890.69,943.894,1202.31,1541.01
831,890.69,939.597,1170.96,1591.96
832,890.69,936.934,1125.97,1462.66
833,890.69,939.316,1155.95,1510.12
834,890.69,933.566,1162.32,1450.26
835,890.69,940.867,1126.42,1466.11
836,890.69,942.797,1128.85,1431.84
837,890.69,940.867,1142.02,1400.46
838,890.69,942.797,1162,1444.38
839,890.69,956.338,1160.71,1440.33
840,890.69,954.346,1164.98,1502.94
841,890.69,954.645,1194.8,1456.86
842,890.69,956.844,1173.94,1519.04
843,890.69,944.996,1156.14,1486.64
844,890.69,964.391,1191.54,1516.02
845,890.69,966.383,1166.71,1487.16
846,890.69,967.112,1182.87,1489.15
847,890.69,964.913,1176.6,1482.06
848,890.69,946.922,1176.67,1483.37
849,890.69,925.832,1184.04,1555.23
850,890.69,923.737,1137.74,1353.3
851,890.69,922.756,1142.59,1499.5
852,890.69,923.654,1154.91,1505.83
853,890.69,925.75,1183.76,1510.3
854,890.69,937.265,1131.33,1478.64
855,890.69,941.967,1143.25,1442.8
856,890.69,934.665,1191.83,1497.21
857,890.69,919.163,1137.16,1500.73
858,890.69,921.106,1139.42,1430.44
859,890.69,927.612,1165.23,1486.07
860,890.69,930.356,1127.75,1305.6
861,890.69,942.308,1148.83,1371.56
862,890.69,940.365,1170.79,1453.6
863,890.69,939.943,1172.65,1402.68
864,890.69,942.013,1169.32,1462.27
865,890.69,935.507,1162.98,1460.23
866,890.69,937.451,1178.73,1502.9
867,890.69,935.507,1164.9,1441.96
868,890.69,957.619,1222.39,1509.56
869,890.69,972.91,1237.68,1515.4
870,890.69,970.909,1201.49,1483.6
871,890.69,961.734,1213.91,1492.72
872,890.69,959.665,1217.95,1473.57
873,890.69,958.8,1188.3,1436.63
874,890.69,965.985,1234.05,1495.53
875,890.69,955.909,1206.1,1482.87
876,890.69,954.254,1207.73,1497.7
877,890.69,956.197,1182.97,1463.55
878,890.69,940.906,1207.72,1469.34
879,890.69,950.615,1200.22,1473.62
880,890.69,940.906,1228.83,1495.96
881,890.69,944.826,1188.54,1461.68
882,890.69,955.499,1176.96,1396.08
883,890.69,940.204,1163.82,1371.87
884,890.69,938.372,1138.19,1464.22
885,890.69,931.609,1145.59,1408.51
886,890.69,919.657,1169.14,1431.38
887,890.69,927.835,1132.8,1353.21
888,890.69,925.892,1137.1,1440.94
889,890.69,906.61,1138.07,1457
890,890.69,909.203,1155.3,1416.15
891,890.69,917.415,1126.62,1427.48
892,890.69,913.302,1122.1,1410.1
893,890.69,910.708,1113.09,1417.29
894,890.69,908.85,1134.7,1401.59
895,890.69,909.392,1091.82,1438.93
896,890.69,909.979,1112.25,1340.8
897,890.69,905.065,1100.77,1366.61
898,890.69,908.049,1098.93,1373.68
899,890.69,909.335,1086.78,1407.59
900,890.69,908.049,1138.68,1369.52
901,890.69,942.835,1161.06,1396.74
902,890.69,953.949,1166.68,1405.86
903,890.69,941.924,1144.08,1464.03
904,890.69,927.327,1129.26,1431.65
905,890.69,925.648,1105.4,1387.51
906,890.69,941.845,1155.77,1394.78
907,890.69,939.221,1132.1,1380.3
908,890.69,935.55,1170.57,1457.53
909,890.69,917.559,1130.88,1372.67
910,890.69,919.417,1153.33,1413.82
911,890.69,903.219,1120.53,1353.93
912,890.69,901.518,1086.01,1346.66
913,890.69,922.931,1135.42,1415.77
914,890.69,925.028,1138.13,1348.76
915,890.69,914.823,1112.46,1368.97
916,890.69,910.937,1138.38,1524.32
917,890.69,905.022,1124.34,1470.9
918,890.69,903.164,1173.39,1478.96
919,890.69,901.067,1120.24,1439.35
920,890.69,898.72,1147.4,1443.74
921,890.69,900.578,1120.16,1392.86
922,890.69,906.84,1166.57,1415.26
923,890.69,908.937,1158.74,1474.69
924,890.69,902.675,1149.6,1430.27
925,890.69,904.185,1133.49,1495.26
926,890.69,902.326,1149.01,1497.03
927,890.69,892.614,1129.64,1417.39
928,890.519,890.519,1077.05,1403.84
929,890.519,891.856,1097.98,1319.65
930,890.519,898.618,1123.83,1365.19
931,890.519,897.229,1128.64,1450.68
932,890.519,893.703,1079.08,1357.88
933,890.519,901.414,1091.98,1413.68
934,890.519,894.652,1140.16,1414.14
935,890.519,898.055,1127.35,1407.38
936,890.519,898.661,1096.26,1410.78
937,890.519,900.756,1084.63,1365.6
938,890.519,903.388,1106.55,1360.57
939,890.519,900.821,1122.38,1406.18
940,890.519,912.456,1142.9,1390.67
941,890.519,924.21,1139.46,1410.54
942,890.519,923.604,1144.85,1533.79
943,890.519,902.05,1130.1,1421.6
944,890.519,905.648,1150.77,1449.59
945,890.519,896.455,1110.41,1400.18
946,890.519,894.865,1111.71,1427.12
947,890.519,898.978,1102.92,1355.43
948,890.519,921.745,1138.87,1460.81
949,890.519,923.134,1143.16,1440.25
950,890.519,915.965,1160.59,1437.21
951,890.519,907.788,1138.48,1500.89
952,890.519,909.731,1118.1,1522.86
953,890.519,907.788,1126.95,1424.79
954,890.519,914.229,1112.26,1330.61
955,890.519,912.077,1119.92,1411.14
956,890.519,903.749,1115.2,1456.3
957,890.519,923.295,1108.11,1347.5
958,890.519,925.938,1124.77,1396.79
959,890.519,919.677,1113.66,1459.7
960,890.519,915.92,1131.41,1505.63
961,890.519,922.797,1151.51,1467.32
962,890.519,915.276,1126.77,1502.92
963,890.519,913.18,1131.72,1415
964,890.519,916.937,1129.94,1429.08
965,890.519,912.577,1117.15,1464.21
966,890.519,910.634,1112.92,1465.92
967,890.519,907.483,1099.13,1498.49
968,890.519,910.879,1123.17,1364.21
969,890.519,913.445,1153.76,1456.55
970,890.519,908.032,1117.02,1383.58
971,890.519,914.794,1123,1399.38
972,890.519,911.267,1119.85,1454.68
973,890.519,910.142,1145.33,1454.82
974,890.519,913.293,1144.99,1449.51
975,890.519,918.838,1108.71,1401.39
976,890.519,899.936,1114.86,1436.06
977,890.519,901.062,1090.27,1344.77
978,890.519,897.911,1131.17,1338.11
979,890.519,901.306,1111.28,1343.66
980,890.519,894.544,1100.19,1388.89
981,890.519,897.136,1115.26,1333.98
982,890.519,906.849,1115.91,1350.59
983,890.519,921.916,1091.14,1369.51
984,890.519,919.322,1132.9,1394.76
985,890.519,905.219,1142.06,1401.12
986,890.519,903.71,1095.45,1349.63
987,890.519,905.047,1143.81,1447.57
988,890.519,927.757,1150.7,1382.35
989,890.519,905.047,1139.31,1393.73
990,890.519,915.732,1156.61,1424.92
991,890.519,909.242,1142.24,1532.55
992,890.519,912.484,1126.81,1408.66
993,890.519,909.242,1129.88,1513.78
994,890.519,909.05,1116.5,1387.14
995,890.519,905.654,1111.18,1348.86
996,890.519,906.992,1153.79,1384.14
997,890.519,909.089,1117.37,1469.14
998,890.519,911.553,1141.4,1401.13
999,890.519,909.456,1109.67,1404.64
1000,890.519,906.992,1123.76,1484.05
